2.10386767192049,-1.26247314665483,1.28083493886002
2.02785736370688,1.5590645372444,-0.692370999643525
-0.820370725014517,1.477305550631,2.60971101716513
-0.587012825864647,2.21890882955803,2.23072239473864
-1.30761494614617,2.39219823887927,1.09084008935151
-0.475630629415886,-0.346550787624945,-2.7394960129653
-1.36982085014857,2.3781365893281,1.32419758604887
-2.49248122481498,1.18189654536081,-0.263759227404362
-2.47865613206279,-1.03966238678813,-1.92528413999376
-0.288781726047708,4.43331166060061,-0.0400462797513625
2.67180837509745,2.42290581937999,-1.97351698415568
3.37107274509443,1.53063631230824,-1.35899576671301
3.49946421744284,1.15438306863481,-1.28616411594306
3.37622120287428,-0.0398543983650167,2.61843431337829
2.59299708815433,-1.40903519582049,-1.37425777687071
2.75393975217106,-2.59402733104792,-1.36466690375458
1.78998410382805,-2.12032519046666,-1.40089332285098
1.00806425434822,-2.0969714738732,2.8312427943465
1.06715769439377,-2.78422795661104,1.86711165944423
-0.508562412167119,-2.87378068331686,-1.86144234874393
-0.137230315778279,-2.9896067916988,2.47328199718593
-3.04075656585096,-0.997214186408755,-1.99776937785547
